<?xml version="1.0" encoding="UTF-8"?>
<beans xmlns="http://www.springframework.org/schema/beans"
	xmlns:xsi="http://www.w3.org/2001/XMLSchema-instance"
	xmlns:context="http://www.springframework.org/schema/context"
	xsi:schemaLocation="http://www.springframework.org/schema/beans http://www.springframework.org/schema/beans/spring-beans.xsd
		http://www.springframework.org/schema/context http://www.springframework.org/schema/context/spring-context-4.3.xsd">

<context:component-scan base-package="com"/>


<bean class="org.springframework.jdbc.datasource.DriverManagerDataSource"   id="dataSource">
<property name="driverClassName" value="com.mysql.jdbc.Driver"/>
<property name="url" value="jdbc:mysql://localhost:3306/company"/>
<property name="username" value="root"/>
<property name="password" value="admin"/>
</bean>


<bean class="org.springframework.jdbc.core.JdbcTemplate"   id="jdbcTemplate">
<property name="dataSource"  ref="dataSource"/>
</bean>


</beans>
